city,state,crops
Patna,Bihar,"""Rice|Wheat|Maize|Cauliflower|Potato|Onion|Oilseeds|Mango|Litchi|Guava|Sorghum|Bajra|Ragi|Groundnut|Sunflower|Spinach|Beans|Lemon|Jamun|Marigod"""
Nalanda,Bihar,"""Rice|Wheat|Pulses|Potato|Cauliflower|Onion|Spices|Groundnut|Soybean|Bajra|Spinach|Fenugreek|Flowers|Guava"""
Buxar,Bihar,"""Rice|Wheat|Maize|Arhar|Gram|Lentil|Khesari|Mustard|Potato|Sorghum|Bajra|Groundnut|Sunflower|Fenugreek|Spinach"""
Rohtas,Bihar,"""Rice|Wheat|Maize|Lentil|Gram|Oilseeds|Sorghum|Bajra|Groundnut|Fenugreek|Flowers|Soybean"""
Aurangabad,Bihar,"""Rice|Wheat|Maize|Pulses|Oilseeds|Bajra|Sorghum|Groundnut|Sunflower|Flowers|Guava|Papaya"""
Gaya,Bihar,"""Rice|Wheat|Maize|Barley|Pulses|Oilseeds|Sorghum|Bajra|Ragi|Groundnut|Custard Apple|Jamun|Guava"""
Nawada,Bihar,"""Rice|Wheat|Pulses|Oilseeds|Sorghum|Bajra|Groundnut|Fenugreek|Medicinal Plants|Flowers"""
Bhojpur,Bihar,"""Rice|Wheat|Maize|Lentil|Vegetables|Bajra|Sunflower|Fenugreek|Beans|Spinach|Flowers"""
Begusarai,Bihar,"""Rice|Wheat|Maize|Oilseeds|Tobacco|Anise|Jute|Tomato|Chilli|Onion|Fruits|Groundnut|Bajra|Spinach|Papaya|Amla|Medicinal Plants"""
Lakhisarai,Bihar,"""Rice|Wheat|Maize|Mustard|Pulses|Groundnut|Sunflower|Marigold|Spinach|Soybean"""
Munger,Bihar,"""Rice|Wheat|Maize|Mustard|Banana|Amla|Custard Apple|Guava|Medicinal Plants|Flowers"""
Khagaria,Bihar,"""Rice|Maize|Wheat|Banana|Oilseeds|Guava|Jamun|Amla|Spinach|Flowers|Medicinal Plants"""
Samastipur,Bihar,"""Rice|Maize|Wheat|Cauliflower|Onion|Banana|Guava|Lemon|Jamun|Spinach|Beans|Flowers"""
Vaishali,Bihar,"""Rice|Wheat|Cauliflower|Onion|Potato|Banana|Mango|Litchi|Guava|Amla|Jamun|Spinach|Flowers|Medicinal Plants"""
Goraul (Vaishali),Bihar,"""Banana|Mango|Litchi|Betel Leaf|Tobacco|Guava|Jamun|Amla|Lemon|Medicinal Plants"""
Muzaffarpur,Bihar,"""Rice|Wheat|Vegetables|Banana|Mango|Shahi Litchi|Guava|Amla|Spinach|Beans|Jamun|Flowers"""
Sitamarhi,Bihar,"""Rice|Wheat|Maize|Sugarcane|Pulses|Guava|Jamun|Spinach|Beans|Flowers|Medicinal Plants"""
East Champaran,Bihar,"""Rice|Wheat|Maize|Sugarcane|Vegetables|Banana|Guava|Jamun|Amla|Spinach|Flowers"""
West Champaran,Bihar,"""Rice|Wheat|Maize|Sugarcane|Guava|Jamun|Lemon|Spinach|Medicinal Plants"""
Gopalganj,Bihar,"""Rice|Wheat|Maize|Sugarcane|Guava|Jamun|Lemon|Medicinal Plants|Flowers"""
Saran,Bihar,"""Rice|Wheat|Maize|Pulses|Guava|Jamun|Spinach|Beans|Flowers"""
Siwan,Bihar,"""Rice|Wheat|Maize|Pulses|Guava|Jamun|Spinach|Beans|Flowers"""
Madhubani,Bihar,"""Rice|Wheat|Maize|Jute|Pulses|Guava|Jamun|Makhana|Spinach|Flowers|Medicinal Plants"""
Darbhanga,Bihar,"""Rice|Wheat|Maize|Pulses|Vegetables|Mango|Makhana|Guava|Jamun|Lemon|Flowers|Medicinal Plants"""
Saharsa,Bihar,"""Rice|Maize|Banana|Oilseeds|Makhana|Guava|Jamun|Lemon|Flowers"""
Madhepura,Bihar,"""Rice|Maize|Oilseeds|Makhana|Guava|Jamun|Spinach|Flowers"""
Purnia,Bihar,"""Rice|Maize|Jute|Banana|Makhana|Guava|Jamun|Lemon|Medicinal Plants|Flowers"""
Katihar,Bihar,"""Rice|Maize|Jute|Banana|Makhana|Guava|Jamun|Lemon|Medicinal Plants|Flowers"""
Kishanganj,Bihar,"""Rice|Maize|Jute|Banana|Guava|Jamun|Lemon|Medicinal Plants|Flowers"""
Araria,Bihar,"""Rice|Maize|Jute|Banana|Guava|Jamun|Lemon|Medicinal Plants|Flowers"""
Bhagalpur,Bihar,"""Rice|Wheat|Maize|Banana|Mango|Guava|Amla|Jamun|Spinach|Medicinal Plants|Flowers"""
Banka,Bihar,"""Rice|Wheat|Pulses|Guava|Amla|Jamun|Spinach|Medicinal Plants|Flowers"""
Agra,Uttar Pradesh,"""Wheat|Mustard|Bajra|Barley|Maize|Potato|Onion|Tomato|Guava|Mango|Sunflower|Sorghum|Medicinal Plants|Amla|Flowers"""
Aligarh,Uttar Pradesh,"""Wheat|Mustard|Bajra|Barley|Potato|Onion|Mango|Guava|Sunflower|Spinach|Medicinal Plants|Flowers"""
Prayagraj,Uttar Pradesh,"""Wheat|Rice|Maize|Gram|Lentil|Potato|Tomato|Onion|Guava|Mango|Sorghum|Bajra|Medicinal Plants|Flowers"""
Ambedkar Nagar,Uttar Pradesh,"""Rice|Wheat|Maize|Pulses|Potato|Onion|Spinach|Flowers|Medicinal Plants"""
Amethi,Uttar Pradesh,"""Wheat|Rice|Pulses|Oilseeds|Potato|Onion|Spinach|Flowers|Medicinal Plants"""
Amroha,Uttar Pradesh,"""Wheat|Mustard|Bajra|Sugarcane|Mango|Guava|Sunflower|Medicinal Plants|Flowers"""
Auraiya,Uttar Pradesh,"""Wheat|Rice|Maize|Pulses|Oilseeds|Vegetables|Spinach|Medicinal Plants|Flowers"""
Azamgarh,Uttar Pradesh,"""Rice|Wheat|Maize|Pulses|Onion|Tomato|Mango|Spinach|Medicinal Plants|Flowers"""
Baghpat,Uttar Pradesh,"""Wheat|Sugarcane|Potato|Onion|Tomato|Medicinal Plants|Flowers"""
Bahraich,Uttar Pradesh,"""Rice|Wheat|Maize|Pulses|Oilseeds|Potato|Onion|Medicinal Plants|Flowers"""
Ballia,Uttar Pradesh,"""Wheat|Rice|Maize|Pulses|Potato|Tomato|Onion|Mango|Banana|Jamun|Amla|Spinach|Medicinal Plants|Flowers"""
Balrampur,Uttar Pradesh,"""Rice|Wheat|Maize|Sugarcane|Pulses|Potato|Onion|Jamun|Amla|Spinach|Medicinal Plants|Flowers"""
Banda,Uttar Pradesh,"""Wheat|Rice|Pulses|Oilseeds|Potato|Tomato|Onion|Guava|Mango|Sorghum|Bajra|Sunflower|Jamun|Medicinal Plants"""
Barabanki,Uttar Pradesh,"""Wheat|Rice|Maize|Pulses|Potato|Onion|Medicinal Plants|Flowers"""
Bareilly,Uttar Pradesh,"""Wheat|Rice|Maize|Sugarcane|Pulses|Oilseeds|Potato|Onion|Tomato|Mango|Guava|Sorghum|Bajra|Spinach|Beans|Medicinal Plants|Flowers"""
Basti,Uttar Pradesh,"""Rice|Wheat|Maize|Pulses|Potato|Onion|Mango|Banana|Jamun|Amla|Spinach|Medicinal Plants|Flowers"""
Bhadohi,Uttar Pradesh,"""Rice|Wheat|Pulses|Potato|Onion|Tomato|Medicinal Plants|Flowers"""
Bijnor,Uttar Pradesh,"""Wheat|Sugarcane|Rice|Maize|Potato|Tomato|Mango|Guava|Medicinal Plants|Flowers"""
Budaun,Uttar Pradesh,"""Wheat|Rice|Maize|Pulses|Potato|Onion|Tomato|Medicinal Plants|Flowers"""
Bulandshahr,Uttar Pradesh,"""Wheat|Sugarcane|Rice|Maize|Potato|Tomato|Mango|Guava|Medicinal Plants|Flowers"""
Chandauli,Uttar Pradesh,"""Rice|Wheat|Maize|Pulses|Potato|Onion|Tomato|Mango|Medicinal Plants|Flowers"""
Chitrakoot,Uttar Pradesh,"""Wheat|Rice|Pulses|Oilseeds|Potato|Tomato|Onion|Guava|Mango|Sorghum|Bajra|Sunflower|Jamun|Medicinal Plants"""
Deoria,Uttar Pradesh,"""Rice|Wheat|Maize|Pulses|Onion|Tomato|Mango|Banana|Jamun|Amla|Spinach|Medicinal Plants|Flowers"""
Etah,Uttar Pradesh,"""Wheat|Mustard|Bajra|Barley|Potato|Onion|Guava|Mango|Sunflower|Spinach|Medicinal Plants|Flowers"""
Etawah,Uttar Pradesh,"""Wheat|Mustard|Bajra|Pulses|Potato|Onion|Tomato|Guava|Mango|Sunflower|Sorghum|Medicinal Plants|Amla|Flowers"""
Farrukhabad,Uttar Pradesh,"""Wheat|Rice|Potato|Pulses|Oilseeds|Vegetables|Guava|Mango|Sunflower|Medicinal Plants|Flowers"""
Fatehpur,Uttar Pradesh,"""Wheat|Rice|Pulses|Oilseeds|Potato|Onion|Tomato|Mango|Guava|Sorghum|Bajra|Sunflower|Jamun|Medicinal Plants"""
Firozabad,Uttar Pradesh,"""Wheat|Mustard|Bajra|Barley|Potato|Onion|Guava|Mango|Sunflower|Spinach|Medicinal Plants|Flowers"""
Gautam Buddha Nagar,Uttar Pradesh,"""Wheat|Mustard|Potato|Onion|Tomato|Guava|Mango|Sunflower|Spinach|Medicinal Plants|Flowers"""
Ghaziabad,Uttar Pradesh,"""Wheat|Sugarcane|Rice|Maize|Potato|Tomato|Mango|Guava|Medicinal Plants|Flowers"""
Ghazipur,Uttar Pradesh,"""Rice|Wheat|Maize|Pulses|Onion|Tomato|Mango|Banana|Jamun|Amla|Spinach|Medicinal Plants|Flowers"""
Gonda,Uttar Pradesh,"""Rice|Wheat|Maize|Sugarcane|Pulses|Potato|Onion|Jamun|Amla|Spinach|Medicinal Plants|Flowers"""
Gorakhpur,Uttar Pradesh,"""Rice|Wheat|Maize|Sugarcane|Pulses|Potato|Onion|Tomato|Mango|Banana|Jamun|Amla|Spinach|Medicinal Plants|Flowers"""
Hamirpur,Uttar Pradesh,"""Wheat|Rice|Pulses|Oilseeds|Potato|Tomato|Onion|Guava|Mango|Sorghum|Bajra|Sunflower|Jamun|Medicinal Plants"""
Hapur,Uttar Pradesh,"""Wheat|Sugarcane|Potato|Onion|Tomato|Mango|Guava|Medicinal Plants|Flowers"""
Hardoi,Uttar Pradesh,"""Wheat|Rice|Maize|Pulses|Oilseeds|Potato|Onion|Tomato|Mango|Guava|Medicinal Plants|Flowers"""
Hathras,Uttar Pradesh,"""Wheat|Mustard|Bajra|Barley|Potato|Onion|Guava|Mango|Sunflower|Spinach|Medicinal Plants|Flowers"""
Jalaun,Uttar Pradesh,"""Wheat|Rice|Pulses|Oilseeds|Potato|Tomato|Onion|Guava|Mango|Sorghum|Bajra|Sunflower|Jamun|Medicinal Plants"""
Jaunpur,Uttar Pradesh,"""Rice|Wheat|Maize|Pulses|Onion|Tomato|Mango|Spinach|Medicinal Plants|Flowers"""
Jhansi,Uttar Pradesh,"""Wheat|Mustard|Bajra|Pulses|Barley|Potato|Onion|Guava|Mango|Sunflower|Sorghum|Medicinal Plants|Flowers|Jamun"""
Kanpur Dehat,Uttar Pradesh,"""Wheat|Rice|Maize|Pulses|Oilseeds|Potato|Onion|Tomato|Mango|Guava|Medicinal Plants|Flowers"""
Kanpur Nagar,Uttar Pradesh,"""Wheat|Rice|Maize|Gram|Lentil|Potato|Tomato|Onion|Mango|Guava|Sorghum|Bajra|Sunflower|Spinach|Beans|Medicinal Plants"""
Kanshiram Nagar (Kasganj),Uttar Pradesh,"""Wheat|Mustard|Bajra|Barley|Potato|Onion|Mango|Guava|Sunflower|Spinach|Medicinal Plants|Flowers"""
Kaushambi,Uttar Pradesh,"""Wheat|Rice|Pulses|Oilseeds|Potato|Onion|Tomato|Guava|Mango|Medicinal Plants|Flowers"""
Kushinagar,Uttar Pradesh,"""Rice|Wheat|Maize|Pulses|Onion|Tomato|Mango|Banana|Jamun|Amla|Spinach|Medicinal Plants|Flowers"""
Lakhimpur Kheri,Uttar Pradesh,"""Wheat|Sugarcane|Rice|Maize|Pulses|Potato|Tomato|Onion|Mango|Guava|Jamun|Amla|Medicinal Plants|Flowers|Spinach"""
Lalitpur,Uttar Pradesh,"""Wheat|Mustard|Bajra|Pulses|Barley|Potato|Onion|Guava|Mango|Sunflower|Sorghum|Medicinal Plants|Flowers|Jamun"""
Lucknow,Uttar Pradesh,"""Rice|Wheat|Maize|Gram|Lentil|Potato|Onion|Tomato|Mango|Guava|Sunflower|Bajra|Ragi|Spinach|Fenugreek|Flowers|Amla|Lemon"""
Maharajganj,Uttar Pradesh,"""Rice|Wheat|Maize|Pulses|Onion|Tomato|Mango|Banana|Jamun|Amla|Spinach|Medicinal Plants|Flowers"""
Mahoba,Uttar Pradesh,"""Wheat|Rice|Pulses|Oilseeds|Potato|Tomato|Onion|Guava|Mango|Sorghum|Bajra|Sunflower|Jamun|Medicinal Plants"""
Mainpuri,Uttar Pradesh,"""Wheat|Mustard|Bajra|Barley|Potato|Onion|Guava|Mango|Sunflower|Spinach|Medicinal Plants|Flowers"""
Mathura,Uttar Pradesh,"""Wheat|Mustard|Bajra|Barley|Pulses|Potato|Tomato|Onion|Guava|Mango|Sunflower|Sorghum|Medicinal Plants|Amla|Flowers"""
Mau,Uttar Pradesh,"""Rice|Wheat|Maize|Pulses|Onion|Tomato|Mango|Banana|Jamun|Amla|Spinach|Medicinal Plants|Flowers"""
Meerut,Uttar Pradesh,"""Wheat|Sugarcane|Rice|Maize|Potato|Tomato|Onion|Mango|Guava|Citrus|Sunflower|Bajra|Jamun|Spinach|Flowers|Amla"""
Mirzapur,Uttar Pradesh,"""Wheat|Rice|Pulses|Oilseeds|Potato|Tomato|Onion|Guava|Mango|Sorghum|Bajra|Sunflower|Jamun|Medicinal Plants"""
Moradabad,Uttar Pradesh,"""Wheat|Mustard|Bajra|Barley|Sugarcane|Mango|Guava|Sunflower|Medicinal Plants|Flowers"""
Muzaffarnagar,Uttar Pradesh,"""Wheat|Sugarcane|Rice|Maize|Potato|Onion|Tomato|Mango|Guava|Medicinal Plants|Flowers"""
Pilibhit,Uttar Pradesh,"""Wheat|Rice|Maize|Sugarcane|Pulses|Potato|Onion|Medicinal Plants|Flowers"""
Raebareli,Uttar Pradesh,"""Wheat|Rice|Pulses|Oilseeds|Potato|Onion|Tomato|Guava|Mango|Medicinal Plants|Flowers"""
Rampur,Uttar Pradesh,"""Wheat|Mustard|Bajra|Barley|Potato|Onion|Guava|Mango|Sunflower|Spinach|Medicinal Plants|Flowers"""
Saharanpur,Uttar Pradesh,"""Wheat|Sugarcane|Rice|Maize|Potato|Onion|Tomato|Mango|Citrus|Guava|Sunflower|Bajra|Spinach|Flowers|Jamun|Amla"""
Sambhal,Uttar Pradesh,"""Wheat|Mustard|Bajra|Barley|Potato|Onion|Guava|Mango|Sunflower|Spinach|Medicinal Plants|Flowers"""
Sant Kabir Nagar,Uttar Pradesh,"""Rice|Wheat|Maize|Pulses|Onion|Tomato|Mango|Banana|Jamun|Amla|Spinach|Medicinal Plants|Flowers"""
Sant Ravidas Nagar (Bhadohi),Uttar Pradesh,"""Rice|Wheat|Pulses|Potato|Onion|Tomato|Medicinal Plants|Flowers"""
Shahjahanpur,Uttar Pradesh,"""Wheat|Rice|Maize|Sugarcane|Pulses|Potato|Onion|Tomato|Mango|Guava|Sorghum|Bajra|Spinach|Beans|Medicinal Plants|Flowers"""
Shamli,Uttar Pradesh,"""Wheat|Sugarcane|Rice|Maize|Potato|Tomato|Onion|Mango|Guava|Medicinal Plants|Flowers"""
Shravasti,Uttar Pradesh,"""Rice|Wheat|Maize|Pulses|Potato|Onion|Jamun|Amla|Spinach|Medicinal Plants|Flowers"""
Siddharthnagar,Uttar Pradesh,"""Rice|Wheat|Maize|Pulses|Onion|Tomato|Mango|Banana|Jamun|Amla|Spinach|Medicinal Plants|Flowers"""
Sitapur,Uttar Pradesh,"""Wheat|Rice|Maize|Pulses|Oilseeds|Potato|Onion|Tomato|Mango|Guava|Jamun|Amla|Spinach|Medicinal Plants|Flowers"""
Sonbhadra,Uttar Pradesh,"""Wheat|Rice|Pulses|Oilseeds|Potato|Tomato|Onion|Guava|Mango|Sorghum|Bajra|Sunflower|Jamun|Medicinal Plants"""
Sultanpur,Uttar Pradesh,"""Wheat|Rice|Pulses|Oilseeds|Potato|Onion|Tomato|Guava|Mango|Medicinal Plants|Flowers"""
Unnao,Uttar Pradesh,"""Wheat|Rice|Maize|Pulses|Oilseeds|Potato|Onion|Tomato|Mango|Guava|Medicinal Plants|Flowers"""
Varanasi,Uttar Pradesh,"""Rice|Wheat|Maize|Gram|Lentil|Pea|Tomato|Onion|Cauliflower|Mango|Guava|Banana|Sunflower|Bajra|Amla|Jamun|Spinach|Flowers"""
Ambala,Haryana,"""Wheat|Rice|Maize|Sugarcane|Potato|Onion|Tomato|Guava|Mango|Citrus|Sunflower|Bajra|Spinach|Amla|Jamun|Medicinal Plants"""
Bhiwani,Haryana,"""Wheat|Bajra|Mustard|Barley|Pulses|Cotton|Sunflower|Sorghum|Groundnut|Spinach|Medicinal Plants"""
Charkhi Dadri,Haryana,"""Wheat|Bajra|Mustard|Barley|Cotton|Sunflower|Sorghum|Groundnut|Spinach|Medicinal Plants"""
Faridabad,Haryana,"""Wheat|Rice|Potato|Onion|Tomato|Guava|Mango|Sunflower|Bajra|Spinach|Medicinal Plants|Flowers"""
Fatehabad,Haryana,"""Wheat|Cotton|Bajra|Mustard|Pulses|Sunflower|Sorghum|Groundnut|Medicinal Plants|Flowers"""
Gurugram,Haryana,"""Wheat|Mustard|Bajra|Potato|Onion|Guava|Mango|Sunflower|Medicinal Plants|Flowers"""
Hisar,Haryana,"""Wheat|Bajra|Mustard|Cotton|Barley|Pulses|Sunflower|Sorghum|Groundnut|Medicinal Plants|Flowers"""
Jhajjar,Haryana,"""Wheat|Bajra|Mustard|Barley|Pulses|Sunflower|Sorghum|Medicinal Plants|Flowers"""
Jind,Haryana,"""Wheat|Bajra|Mustard|Cotton|Pulses|Sunflower|Sorghum|Groundnut|Medicinal Plants|Flowers"""
Kaithal,Haryana,"""Wheat|Rice|Maize|Sugarcane|Vegetables|Sunflower|Spinach|Medicinal Plants|Flowers"""
Karnal,Haryana,"""Wheat|Rice|Maize|Sugarcane|Potato|Onion|Tomato|Citrus|Mango|Sunflower|Spinach|Medicinal Plants|Flowers"""
Kurukshetra,Haryana,"""Wheat|Rice|Maize|Sugarcane|Potato|Onion|Sunflower|Spinach|Medicinal Plants|Flowers"""
Mahendragarh,Haryana,"""Wheat|Bajra|Mustard|Barley|Pulses|Sunflower|Sorghum|Groundnut|Medicinal Plants|Flowers"""
Nuh (Mewat),Haryana,"""Wheat|Bajra|Mustard|Barley|Pulses|Sunflower|Sorghum|Groundnut|Medicinal Plants|Flowers"""
Palwal,Haryana,"""Wheat|Rice|Bajra|Potato|Onion|Sunflower|Spinach|Medicinal Plants|Flowers"""
Panchkula,Haryana,"""Wheat|Rice|Maize|Potato|Tomato|Onion|Citrus|Mango|Sunflower|Spinach|Medicinal Plants|Flowers"""
Panipat,Haryana,"""Wheat|Rice|Sugarcane|Potato|Onion|Tomato|Sunflower|Spinach|Medicinal Plants|Flowers"""
Rewari,Haryana,"""Wheat|Bajra|Mustard|Barley|Pulses|Sunflower|Sorghum|Groundnut|Medicinal Plants|Flowers"""
Rohtak,Haryana,"""Wheat|Rice|Bajra|Sugarcane|Vegetables|Sunflower|Spinach|Medicinal Plants|Flowers"""
Sirsa,Haryana,"""Wheat|Cotton|Bajra|Mustard|Pulses|Sunflower|Sorghum|Groundnut|Medicinal Plants|Flowers"""
Sonipat,Haryana,"""Wheat|Rice|Sugarcane|Potato|Onion|Tomato|Sunflower|Spinach|Medicinal Plants|Flowers"""
Yamunanagar,Haryana,"""Wheat|Rice|Sugarcane|Maize|Potato|Tomato|Onion|Citrus|Mango|Sunflower|Spinach|Medicinal Plants|Flowers"""
Ahmedabad,Gujarat,"""Wheat|Cotton|Bajra|Groundnut|Rice|Pulses|Sunflower|Castor|Medicinal Plants|Spinach|Flowers"""
Amreli,Gujarat,"""Cotton|Groundnut|Bajra|Wheat|Pulses|Castor|Sesame|Sunflower|Medicinal Plants|Flowers"""
Anand,Gujarat,"""Wheat|Tobacco|Cotton|Bajra|Rice|Vegetables|Groundnut|Sesame|Sunflower|Spinach|Medicinal Plants"""
Aravalli,Gujarat,"""Wheat|Maize|Bajra|Rice|Pulses|Cotton|Groundnut|Sesame|Sunflower|Medicinal Plants"""
Banaskantha,Gujarat,"""Wheat|Cotton|Bajra|Groundnut|Cumin|Isabgol|Sesame|Sunflower|Medicinal Herbs|Flowers"""
Bharuch,Gujarat,"""Wheat|Cotton|Rice|Bajra|Pulses|Banana|Sunflower|Castor|Medicinal Plants|Citrus Fruits|Flowers"""
Bhavnagar,Gujarat,"""Cotton|Groundnut|Wheat|Bajra|Pulses|Castor|Sesame|Sunflower|Medicinal Plants"""
Botad,Gujarat,"""Cotton|Groundnut|Bajra|Wheat|Pulses|Castor|Sesame|Sunflower|Medicinal Plants"""
Chhota Udaipur,Gujarat,"""Maize|Rice|Wheat|Pulses|Cotton|Groundnut|Sesame|Sunflower|Medicinal Plants"""
Dahod,Gujarat,"""Maize|Rice|Wheat|Pulses|Cotton|Groundnut|Sesame|Sunflower|Medicinal Plants"""
Devbhumi Dwarka,Gujarat,"""Groundnut|Cotton|Bajra|Wheat|Pulses|Castor|Sesame|Sunflower|Medicinal Plants"""
Gandhinagar,Gujarat,"""Wheat|Cotton|Bajra|Groundnut|Rice|Vegetables|Sunflower|Castor|Medicinal Plants|Flowers"""
Jamnagar,Gujarat,"""Groundnut|Cotton|Bajra|Wheat|Pulses|Castor|Sesame|Sunflower|Medicinal Plants"""
Junagadh,Gujarat,"""Groundnut|Cotton|Bajra|Wheat|Pulses|Castor|Sesame|Sunflower|Medicinal Plants"""
Kheda,Gujarat,"""Wheat|Tobacco|Cotton|Bajra|Rice|Vegetables|Groundnut|Sesame|Sunflower|Medicinal Plants"""
Kutch,Gujarat,"""Bajra|Groundnut|Cotton|Wheat|Pulses|Castor|Sesame|Sunflower|Medicinal Plants"""
Mahisagar,Gujarat,"""Wheat|Maize|Bajra|Rice|Pulses|Cotton|Groundnut|Sesame|Sunflower|Medicinal Plants"""
Mehsana,Gujarat,"""Wheat|Bajra|Cotton|Groundnut|Pulses|Castor|Sesame|Sunflower|Medicinal Plants"""
Morbi,Gujarat,"""Groundnut|Cotton|Bajra|Wheat|Pulses|Castor|Sesame|Sunflower|Medicinal Plants"""
Narmada,Gujarat,"""Wheat|Rice|Maize|Cotton|Pulses|Groundnut|Sesame|Sunflower|Medicinal Plants"""
Navsari,Gujarat,"""Rice|Sugarcane|Wheat|Pulses|Banana|Groundnut|Sesame|Sunflower|Medicinal Plants"""
Panchmahal,Gujarat,"""Maize|Wheat|Rice|Pulses|Cotton|Groundnut|Sesame|Sunflower|Medicinal Plants"""
Patan,Gujarat,"""Wheat|Bajra|Cotton|Groundnut|Pulses|Castor|Sesame|Sunflower|Medicinal Plants"""
Porbandar,Gujarat,"""Groundnut|Cotton|Bajra|Wheat|Pulses|Castor|Sesame|Sunflower|Medicinal Plants"""
Rajkot,Gujarat,"""Groundnut|Cotton|Bajra|Wheat|Pulses|Castor|Sesame|Sunflower|Medicinal Plants"""
Sabarkantha,Gujarat,"""Wheat|Maize|Bajra|Rice|Pulses|Cotton|Groundnut|Sesame|Sunflower|Medicinal Plants"""
Surat,Gujarat,"""Rice|Sugarcane|Wheat|Pulses|Vegetables|Banana|Groundnut|Sesame|Sunflower|Medicinal Plants"""
Surendranagar,Gujarat,"""Wheat|Cotton|Bajra|Groundnut|Pulses|Castor|Sesame|Sunflower|Medicinal Plants"""
Tapi,Gujarat,"""Rice|Maize|Wheat|Pulses|Cotton|Groundnut|Sesame|Sunflower|Medicinal Plants"""
Vadodara,Gujarat,"""Wheat|Rice|Cotton|Bajra|Pulses|Vegetables|Groundnut|Sesame|Sunflower|Medicinal Plants"""
Valsad,Gujarat,"""Rice|Sugarcane|Wheat|Pulses|Banana|Groundnut|Sesame|Sunflower|Medicinal Plants"""
Ajmer,Rajasthan,"""Wheat|Barley|Pulses|Mustard|Bajra|Maize|Sorghum|Sunflower|Groundnut|Spinach|Medicinal Plants|Flowers"""
Alwar,Rajasthan,"""Wheat|Bajra|Mustard|Pulses|Barley|Sorghum|Groundnut|Sunflower|Spinach|Medicinal Herbs|Flowers"""
Banswara,Rajasthan,"""Maize|Wheat|Pulses|Rice|Soybean|Sugarcane|Groundnut|Sunflower|Sorghum|Spinach|Medicinal Plants|Fruits Guava Mango"""
Baran,Rajasthan,"""Wheat|Soybean|Maize|Pulses|Rice|Sunflower|Sorghum|Groundnut|Spinach|Medicinal Plants|Citrus Fruits"""
Barmer,Rajasthan,"""Bajra|Pulses Moong Moth|Oilseeds|Wheat|Guar|Castor|Sunflower|Medicinal Plants|Flowers"""
Bharatpur,Rajasthan,"""Wheat|Mustard|Bajra|Pulses|Sugarcane|Sunflower|Groundnut|Spinach|Medicinal Plants|Flowers"""
Bhilwara,Rajasthan,"""Wheat|Maize|Barley|Pulses|Mustard|Sunflower|Sorghum|Groundnut|Spinach|Medicinal Plants"""
Bikaner,Rajasthan,"""Bajra|Guar|Mustard|Wheat|Pulses Moong Moth|Sunflower|Castor|Medicinal Plants|Spinach|Flowers"""
Bundi,Rajasthan,"""Wheat|Maize|Pulses|Mustard|Soybean|Sunflower|Groundnut|Sorghum|Medicinal Plants|Citrus Fruits"""
Chittorgarh,Rajasthan,"""Wheat|Maize|Pulses|Mustard|Soybean|Sunflower|Sorghum|Groundnut|Medicinal Plants|Flowers"""
Churu,Rajasthan,"""Bajra|Guar|Mustard|Barley|Wheat|Castor|Sunflower|Medicinal Plants|Flowers"""
Dausa,Rajasthan,"""Wheat|Bajra|Mustard|Pulses|Barley|Sunflower|Sorghum|Groundnut|Medicinal Plants"""
Dholpur,Rajasthan,"""Wheat|Mustard|Bajra|Pulses|Sugarcane|Sunflower|Spinach|Medicinal Plants|Flowers"""
Dungarpur,Rajasthan,"""Maize|Wheat|Pulses|Soybean|Sugarcane|Groundnut|Sunflower|Spinach|Medicinal Plants|Fruits Guava Mango"""
Hanumangarh,Rajasthan,"""Wheat|Cotton|Mustard|Bajra|Pulses|Sunflower|Groundnut|Medicinal Plants|Flowers"""
Jaipur,Rajasthan,"""Wheat|Bajra|Mustard|Barley|Pulses|Sunflower|Sorghum|Groundnut|Medicinal Plants|Flowers"""
Jaisalmer,Rajasthan,"""Bajra|Moong|Moth|Guar|Mustard|Castor|Medicinal Plants|Flowers"""
Jalore,Rajasthan,"""Bajra|Wheat|Mustard|Pulses Moong Moth|Guar|Castor|Sunflower|Medicinal Plants|Flowers"""
Jhalawar,Rajasthan,"""Wheat|Soybean|Maize|Pulses|Mustard|Sunflower|Groundnut|Medicinal Plants|Citrus Fruits"""
Jhunjhunu,Rajasthan,"""Wheat|Bajra|Mustard|Barley|Pulses|Sunflower|Medicinal Plants|Flowers"""
Jodhpur,Rajasthan,"""Bajra|Moong|Moth|Guar|Mustard|Castor|Medicinal Plants|Flowers"""
Karauli,Rajasthan,"""Wheat|Bajra|Mustard|Pulses|Sugarcane|Sunflower|Medicinal Plants|Flowers"""
Kota,Rajasthan,"""Wheat|Soybean|Maize|Pulses|Rice|Sunflower|Groundnut|Medicinal Plants|Citrus Fruits"""
Nagaur,Rajasthan,"""Wheat|Bajra|Mustard|Barley|Pulses|Castor|Sunflower|Medicinal Plants|Flowers"""
Pali,Rajasthan,"""Wheat|Bajra|Mustard|Pulses Moong Moth|Barley|Castor|Medicinal Plants|Flowers"""
Rajsamand,Rajasthan,"""Wheat|Maize|Pulses|Mustard|Soybean|Sunflower|Sorghum|Medicinal Plants|Citrus Fruits"""
Sawai Madhopur,Rajasthan,"""Wheat|Bajra|Mustard|Pulses|Sugarcane|Sunflower|Medicinal Plants|Flowers"""
Sikar,Rajasthan,"""Wheat|Bajra|Mustard|Barley|Pulses|Sunflower|Medicinal Plants|Flowers"""
Sirohi,Rajasthan,"""Wheat|Maize|Pulses|Mustard|Soybean|Sunflower|Sorghum|Medicinal Plants|Citrus Fruits"""
Sri Ganganagar,Rajasthan,"""Wheat|Cotton|Mustard|Bajra|Pulses|Sunflower|Groundnut|Medicinal Plants|Flowers"""
Tonk,Rajasthan,"""Wheat|Bajra|Mustard|Pulses|Soybean|Sunflower|Sorghum|Medicinal Plants|Citrus Fruits"""
Udaipur,Rajasthan,"""Wheat|Maize|Pulses|Mustard|Soybean|Sunflower|Sorghum|Medicinal Plants|Citrus Fruits"""
Amritsar,Punjab,"""Wheat|Rice|Maize|Pulses Gram Lentil|Vegetables Potato Onion Tomato Cauliflower Peas|Fruits Kinnow Guava Mango|Barley|Sorghum|Sunflower|Groundnut|Spinach|Fenugreek|Beans|Mustard|Lemon|Jamun|Medicinal Herbs|Marigold"""
Barnala,Punjab,"""Wheat|Rice|Maize|Pulses|Oilseeds|Vegetables|Barley|Sorghum|Sunflower|Groundnut|Peas|Spinach|Fenugreek|Mustard|Flowers|Amla|Jamun"""
Bathinda,Punjab,"""Wheat|Cotton|Rice|Maize|Pulses|Oilseeds Mustard Sunflower|Vegetables Potato Tomato|Groundnut|Sorghum|Moong|Spinach|Beans|Flowers|Medicinal Herbs|Citrus Fruits"""
Fazilka,Punjab,"""Wheat|Cotton|Rice|Maize|Mustard|Vegetables Onion Tomato Cauliflower|Fruits Kinnow Guava|Barley|Groundnut|Sunflower|Spinach|Beans|Flowers|Lemon|Jamun|Medicinal Plants"""
Ferozepur,Punjab,"""Wheat|Cotton|Rice|Maize|Pulses|Oilseeds|Vegetables|Barley|Groundnut|Sunflower|Spinach|Beans|Fenugreek|Flowers|Medicinal Plants"""
Fatehgarh Sahib,Punjab,"""Wheat|Rice|Maize|Sugarcane|Vegetables Potato Tomato Peas|Fruits Guava Mango Citrus|Barley|Sorghum|Sunflower|Spinach|Medicinal Plants|Flowers|Amla|Jamun"""
Gurdaspur,Punjab,"""Wheat|Rice|Maize|Sugarcane|Vegetables Potato Onion Cauliflower|Fruits Citrus Mango Guava|Barley|Sunflower|Spinach|Beans|Fenugreek|Medicinal Plants|Flowers|Lemon|Jamun"""
Hoshiarpur,Punjab,"""Wheat|Rice|Maize|Sugarcane|Pulses|Vegetables Potato Tomato Cauliflower Peas|Fruits Citrus Mango Guava Litchi|Barley|Sunflower|Spinach|Beans|Medicinal Plants|Flowers|Lemon|Jamun"""
Jalandhar,Punjab,"""Wheat|Rice|Maize|Sugarcane|Vegetables Potato Onion Tomato Cauliflower|Fruits Citrus Guava|Barley|Sorghum|Sunflower|Spinach|Medicinal Plants|Flowers"""
Kapurthala,Punjab,"""Wheat|Rice|Maize|Sugarcane|Vegetables Potato Peas Cauliflower|Fruits Citrus Mango Guava|Barley|Sunflower|Spinach|Beans|Medicinal Plants|Flowers|Jamun|Lemon"""
Ludhiana,Punjab,"""Wheat|Rice|Maize|Pulses|Vegetables Potato Onion Tomato Cauliflower|Fruits Kinnow Mango|Barley|Sunflower|Spinach|Fenugreek|Beans|Medicinal Plants|Flowers|Amla|Lemon"""
Mansa,Punjab,"""Wheat|Cotton|Rice|Maize|Pulses|Oilseeds Mustard Sunflower|Vegetables|Groundnut|Barley|Sorghum|Spinach|Beans|Medicinal Plants|Flowers"""
Moga,Punjab,"""Wheat|Rice|Maize|Sugarcane|Vegetables Potato Onion Tomato|Fruits Guava Mango|Barley|Sunflower|Spinach|Beans|Medicinal Plants|Flowers"""
Pathankot,Punjab,"""Wheat|Rice|Maize|Vegetables Potato Tomato Peas|Fruits Citrus Mango Guava Litchi|Barley|Sunflower|Spinach|Beans|Medicinal Plants|Flowers|Lemon|Jamun"""
Patiala,Punjab,"""Wheat|Rice|Maize|Sugarcane|Vegetables Potato Onion Tomato Peas|Fruits Citrus Mango Guava|Barley|Sunflower|Spinach|Beans|Medicinal Plants|Flowers"""
Rupnagar Ropar,Punjab,"""Wheat|Rice|Maize|Pulses|Vegetables Potato Tomato Peas|Fruits Guava Mango Citrus|Barley|Sorghum|Sunflower|Spinach|Medicinal Plants|Flowers"""
Sangrur,Punjab,"""Wheat|Rice|Maize|Pulses|Oilseeds Mustard Sunflower|Vegetables|Barley|Sorghum|Spinach|Beans|Medicinal Plants|Flowers"""
Shaheed Bhagat Singh Nagar,Punjab,"""Wheat|Rice|Maize|Sugarcane|Vegetables Potato Tomato Peas|Fruits Citrus Mango|Barley|Sunflower|Spinach|Beans|Medicinal Plants|Flowers"""
Sri Muktsar Sahib,Punjab,"""Wheat|Cotton|Rice|Maize|Mustard|Vegetables|Groundnut|Barley|Sorghum|Spinach|Medicinal Plants|Flowers"""
Tarn Taran,Punjab,"""Wheat|Rice|Maize|Pulses|Vegetables Potato Tomato Onion|Fruits Guava Citrus|Barley|Sunflower|Spinach|Beans|Medicinal Plants|Flowers"""
Chandigarh,Punjab,"""Wheat|Rice|Maize|Vegetables Potato Tomato Peas|Fruits Citrus Guava|Sunflower|Spinach|Medicinal Plants|Flowers|Jamun|Lemon"""
North Goa,Goa,"""Rice|Coconut|Cashew|Arecanut|Vegetables|Pulses|Banana|Pineapple|Citrus|Medicinal Plants|Flowers"""
South Goa,Goa,"""Rice|Coconut|Cashew|Arecanut|Vegetables|Pulses|Banana|Pineapple|Citrus|Medicinal Plants|Flowers"""
Balod,Chhattisgarh,"""Rice|Maize|Pulses|Oilseeds|Vegetables|Groundnut|Sunflower|Medicinal Plants|Citrus|Guava"""
Balrampur,Chhattisgarh,"""Rice|Maize|Pulses|Vegetables|Oilseeds|Groundnut|Sunflower|Medicinal Plants|Citrus|Guava"""
Bastar,Chhattisgarh,"""Rice|Maize|Pulses|Oilseeds|Vegetables|Groundnut|Sunflower|Medicinal Plants|Citrus|Guava"""
Bemetara,Chhattisgarh,"""Rice|Maize|Pulses|Oilseeds|Vegetables|Groundnut|Sunflower|Medicinal Plants|Citrus|Guava"""
Bijapur,Chhattisgarh,"""Rice|Maize|Pulses|Oilseeds|Vegetables|Groundnut|Sunflower|Medicinal Plants|Citrus|Guava"""
Bilaspur,Chhattisgarh,"""Rice|Maize|Pulses|Oilseeds|Vegetables|Groundnut|Sunflower|Medicinal Plants|Citrus|Guava"""
Dantewada,Chhattisgarh,"""Rice|Maize|Pulses|Oilseeds|Vegetables|Groundnut|Sunflower|Medicinal Plants|Citrus|Guava"""
Dhamtari,Chhattisgarh,"""Rice|Maize|Pulses|Oilseeds|Vegetables|Groundnut|Sunflower|Medicinal Plants|Citrus|Guava"""
Durg,Chhattisgarh,"""Rice|Maize|Pulses|Oilseeds|Vegetables|Groundnut|Sunflower|Medicinal Plants|Citrus|Guava"""
Janjgir-Champa,Chhattisgarh,"""Rice|Maize|Pulses|Oilseeds|Vegetables|Groundnut|Sunflower|Medicinal Plants|Citrus|Guava"""
Kanker,Chhattisgarh,"""Rice|Maize|Pulses|Oilseeds|Vegetables|Groundnut|Sunflower|Medicinal Plants|Citrus|Guava"""
Korba,Chhattisgarh,"""Rice|Maize|Pulses|Oilseeds|Vegetables|Groundnut|Sunflower|Medicinal Plants|Citrus|Guava"""
Koriyā,Chhattisgarh,"""Rice|Maize|Pulses|Oilseeds|Vegetables|Groundnut|Sunflower|Medicinal Plants|Citrus|Guava"""
Raigarh,Chhattisgarh,"""Rice|Maize|Pulses|Oilseeds|Vegetables|Groundnut|Sunflower|Medicinal Plants|Citrus|Guava"""
Raipur,Chhattisgarh,"""Rice|Maize|Pulses|Oilseeds|Vegetables|Groundnut|Sunflower|Medicinal Plants|Citrus|Guava"""
Rajnandgaon,Chhattisgarh,"""Rice|Maize|Pulses|Oilseeds|Vegetables|Groundnut|Sunflower|Medicinal Plants|Citrus|Guava"""
Barpeta,Assam,"""Rice|Jute|Pulses|Vegetables|Mustard|Banana|Pineapple|Citrus|Medicinal Plants|Flowers"""
Bongaigaon,Assam,"""Rice|Jute|Vegetables|Mustard|Pulses|Banana|Citrus|Pineapple|Medicinal Plants|Flowers"""
Cachar,Assam,"""Rice|Tea|Vegetables|Pulses|Mustard|Banana|Citrus|Pineapple|Guava|Medicinal Plants"""
Darrang,Assam,"""Rice|Jute|Vegetables|Mustard|Pulses|Banana|Citrus|Pineapple|Medicinal Plants|Flowers"""
Dhemaji,Assam,"""Rice|Jute|Vegetables|Pulses|Mustard|Banana|Pineapple|Citrus|Medicinal Plants|Flowers"""
Dhubri,Assam,"""Rice|Jute|Vegetables|Mustard|Pulses|Banana|Citrus|Pineapple|Medicinal Plants|Flowers"""
Dibrugarh,Assam,"""Rice|Tea|Vegetables|Mustard|Pulses|Banana|Citrus|Pineapple|Guava|Medicinal Plants"""
Goalpara,Assam,"""Rice|Jute|Vegetables|Mustard|Pulses|Banana|Citrus|Pineapple|Medicinal Plants|Flowers"""
Golaghat,Assam,"""Rice|Tea|Vegetables|Mustard|Pulses|Banana|Citrus|Pineapple|Medicinal Plants|Flowers"""
Hailakandi,Assam,"""Rice|Tea|Vegetables|Mustard|Pulses|Banana|Citrus|Pineapple|Medicinal Plants|Flowers"""
Jorhat,Assam,"""Rice|Tea|Vegetables|Mustard|Pulses|Banana|Citrus|Pineapple|Medicinal Plants|Flowers"""
Kamrup,Assam,"""Rice|Jute|Vegetables|Mustard|Pulses|Banana|Citrus|Pineapple|Medicinal Plants|Flowers"""
Karbi Anglong,Assam,"""Rice|Maize|Vegetables|Pulses|Mustard|Banana|Citrus|Pineapple|Medicinal Plants|Flowers"""
Lakhimpur,Assam,"""Rice|Jute|Vegetables|Mustard|Pulses|Banana|Citrus|Pineapple|Medicinal Plants|Flowers"""
Nagaon,Assam,"""Rice|Jute|Vegetables|Mustard|Pulses|Banana|Citrus|Pineapple|Medicinal Plants|Flowers"""
Nalbari,Assam,"""Rice|Jute|Vegetables|Mustard|Pulses|Banana|Citrus|Pineapple|Medicinal Plants|Flowers"""
Sivasagar,Assam,"""Rice|Tea|Vegetables|Mustard|Pulses|Banana|Citrus|Pineapple|Medicinal Plants|Flowers"""
Sonitpur,Assam,"""Rice|Jute|Vegetables|Mustard|Pulses|Banana|Citrus|Pineapple|Medicinal Plants|Flowers"""
Tinsukia,Assam,"""Rice|Tea|Vegetables|Mustard|Pulses|Banana|Citrus|Pineapple|Medicinal Plants|Flowers"""
Anjaw,Arunachal Pradesh,"""Rice|Maize|Millets|Vegetables|Pulses|Orange|Pineapple|Banana|Medicinal Herbs|Flowers"""
Changlang,Arunachal Pradesh,"""Rice|Maize|Millets|Mustard|Vegetables|Orange|Banana|Guava|Medicinal Plants|Flowers"""
Dibang Valley,Arunachal Pradesh,"""Rice|Maize|Millets|Pulses|Vegetables|Orange|Banana|Citrus|Medicinal Plants|Flowers"""
East Kameng,Arunachal Pradesh,"""Rice|Maize|Millets|Pulses|Vegetables|Orange|Banana|Pineapple|Citrus|Medicinal Plants"""
East Siang,Arunachal Pradesh,"""Rice|Maize|Millets|Vegetables|Orange|Banana|Pineapple|Guava|Medicinal Plants|Flowers"""
Kurung Kumey,Arunachal Pradesh,"""Rice|Maize|Millets|Vegetables|Pulses|Orange|Banana|Guava|Citrus|Medicinal Plants"""
Lohit,Arunachal Pradesh,"""Rice|Maize|Millets|Mustard|Vegetables|Orange|Banana|Guava|Medicinal Plants|Flowers"""
Lower Dibang Valley,Arunachal Pradesh,"""Rice|Maize|Millets|Vegetables|Pulses|Orange|Pineapple|Banana|Medicinal Plants|Flowers"""
Lower Subansiri,Arunachal Pradesh,"""Rice|Maize|Millets|Vegetables|Pulses|Orange|Banana|Pineapple|Medicinal Plants|Flowers"""
Papum Pare,Arunachal Pradesh,"""Rice|Maize|Millets|Vegetables|Orange|Banana|Pineapple|Guava|Medicinal Plants|Flowers"""
Tawang,Arunachal Pradesh,"""Barley|Millets|Pulses|Potatoes|Vegetables|Medicinal Herbs|Flowers|Citrus"""
Tirap,Arunachal Pradesh,"""Rice|Maize|Millets|Vegetables|Mustard|Banana|Pineapple|Medicinal Plants|Flowers"""
Upper Siang,Arunachal Pradesh,"""Rice|Maize|Millets|Vegetables|Pulses|Orange|Banana|Pineapple|Medicinal Plants|Flowers"""
Upper Subansiri,Arunachal Pradesh,"""Rice|Maize|Millets|Vegetables|Pulses|Orange|Banana|Medicinal Plants|Flowers"""
Anantapur,Andhra Pradesh,"""Groundnut|Sunflower|Jowar|Bajra|Cotton|Pulses|Sesame|Ragi|Castor|Medicinal Herbs|Guava|Amla|Citrus"""
Chittoor,Andhra Pradesh,"""Paddy|Sugarcane|Groundnut|Mango|Vegetables|Banana|Papaya|Citrus|Guava|Flowers|Medicinal Plants"""
East Godavari,Andhra Pradesh,"""Paddy|Sugarcane|Coconut|Banana|Vegetables|Papaya|Citrus|Pineapple|Betel Leaf|Medicinal Herbs"""
Guntur,Andhra Pradesh,"""Chillies|Cotton|Paddy|Tobacco|Pulses|Sesame|Sunflower|Flowers|Medicinal Plants|Guava|Citrus"""
Krishna,Andhra Pradesh,"""Paddy|Sugarcane|Banana|Vegetables|Mango|Citrus|Guava|Pineapple|Medicinal Herbs|Flowers"""
Kurnool,Andhra Pradesh,"""Paddy|Groundnut|Sunflower|Cotton|Pulses|Sesame|Ragi|Bajra|Citrus|Guava|Medicinal Plants"""
Nellore,Andhra Pradesh,"""Paddy|Groundnut|Sugarcane|Vegetables|Citrus|Banana|Guava|Betel Leaf|Medicinal Herbs"""
Prakasam,Andhra Pradesh,"""Tobacco|Groundnut|Sunflower|Pulses|Cotton|Sesame|Citrus|Medicinal Plants|Guava|Flowers"""
Srikakulam,Andhra Pradesh,"""Paddy|Groundnut|Sugarcane|Coconut|Pulses|Banana|Papaya|Citrus|Pineapple|Medicinal Plants"""
Vizianagaram,Andhra Pradesh,"""Paddy|Sugarcane|Groundnut|Pulses|Coconut|Citrus|Banana|Guava|Medicinal Plants|Flowers"""
Visakhapatnam,Andhra Pradesh,"""Paddy|Coconut|Groundnut|Sugarcane|Pulses|Banana|Papaya|Citrus|Medicinal Plants|Flowers"""
West Godavari,Andhra Pradesh,"""Paddy|Sugarcane|Banana|Vegetables|Coconut|Citrus|Pineapple|Betel Leaf|Medicinal Herbs|Flowers"""
Bilaspur,Himachal Pradesh,"""Maize|Wheat|Barley|Pulses|Oilseeds|Apples|Plum|Peach|Pear|Tomato|Capsicum|Medicinal Herbs|Flowers"""
Chamba,Himachal Pradesh,"""Maize|Wheat|Barley|Pulses|Rajmash|Apple|Peach|Pear|Plum|Almond|Medicinal Herbs|Saffron|Flowers"""
Hamirpur,Himachal Pradesh,"""Maize|Wheat|Barley|Pulses|Mustard|Tomato|Beans|Medicinal Herbs|Flowers|Guava|Citrus"""
Kangra,Himachal Pradesh,"""Wheat|Maize|Rice|Barley|Tea|Apple|Plum|Citrus|Peach|Medicinal Herbs|Flowers"""
Kinnaur,Himachal Pradesh,"""Barley|Peas|Buckwheat|Potato|Rajmash|Apple|Apricot|Almond|Saffron|Medicinal Herbs|Flowers"""
Kullu,Himachal Pradesh,"""Maize|Wheat|Barley|Rajmash|Vegetables|Apple|Pear|Peach|Plum|Almond|Medicinal Herbs|Flowers"""
Lahaul and Spiti,Himachal Pradesh,"""Peas|Barley|Potato|Buckwheat|Apple|Apricot|Almond|Saffron|Medicinal Herbs|Flowers"""
Mandi,Himachal Pradesh,"""Wheat|Maize|Barley|Pulses|Vegetables|Apple|Pear|Plum|Medicinal Herbs|Flowers"""
Shimla,Himachal Pradesh,"""Wheat|Barley|Peas|Potato|Rajmash|Apple|Plum|Pear|Almond|Saffron|Medicinal Herbs|Flowers"""
Sirmaur,Himachal Pradesh,"""Maize|Wheat|Barley|Mustard|Sugarcane|Peach|Plum|Pear|Citrus|Medicinal Herbs|Flowers"""
Solan,Himachal Pradesh,"""Maize|Wheat|Barley|Vegetables|Pulses|Apple|Pear|Plum|Peas|Medicinal Herbs|Flowers"""
Una,Himachal Pradesh,"""Maize|Wheat|Barley|Mustard|Pulses|Vegetables|Medicinal Herbs|Guava|Citrus|Flowers"""
Jamshedpur,Jharkhand,"""Rice|Maize|Wheat|Pulses|Oilseeds|Groundnut|Mustard|Potato|Onion|Tomato|Brinjal|Cabbage|Cauliflower|Spinach|Coriander|Chillies|Carrot|Radish|Beans|Pumpkin|Bottle Gourd|Bitter Gourd|Cucumber|Banana|Guava|Mango|Jackfruit|Papaya|Lemon"""
Bokaro,Jharkhand,"""Rice|Maize|Pulses|Oilseeds|Wheat|Groundnut|Sesame|Sunflower|Medicinal Herbs|Guava|Citrus"""
Chatra,Jharkhand,"""Rice|Maize|Pulses|Oilseeds|Vegetables|Groundnut|Sesame|Medicinal Herbs|Citrus|Flowers"""
Dhanbad,Jharkhand,"""Rice|Maize|Pulses|Oilseeds|Vegetables|Banana|Guava|Mango|Medicinal Herbs|Flowers"""
Dumka,Jharkhand,"""Rice|Maize|Pulses|Oilseeds|Vegetables|Banana|Guava|Mango|Medicinal Herbs|Flowers"""
East Singhbhum,Jharkhand,"""Rice|Maize|Pulses|Oilseeds|Vegetables|Banana|Guava|Mango|Medicinal Herbs|Flowers"""
Garhwa,Jharkhand,"""Rice|Maize|Pulses|Oilseeds|Vegetables|Banana|Guava|Mango|Medicinal Herbs|Flowers"""
Giridih,Jharkhand,"""Rice|Maize|Pulses|Oilseeds|Vegetables|Banana|Guava|Mango|Medicinal Herbs|Flowers"""
Godda,Jharkhand,"""Rice|Maize|Pulses|Oilseeds|Vegetables|Banana|Guava|Mango|Medicinal Herbs|Flowers"""
Gumla,Jharkhand,"""Rice|Maize|Pulses|Oilseeds|Vegetables|Banana|Guava|Mango|Medicinal Herbs|Flowers"""
Hazaribagh,Jharkhand,"""Rice|Maize|Pulses|Oilseeds|Vegetables|Banana|Guava|Mango|Medicinal Herbs|Flowers"""
Jamtara,Jharkhand,"""Rice|Maize|Pulses|Oilseeds|Vegetables|Banana|Guava|Mango|Medicinal Herbs|Flowers"""
Khunti,Jharkhand,"""Rice|Maize|Pulses|Oilseeds|Vegetables|Banana|Guava|Mango|Medicinal Herbs|Flowers"""
Koderma,Jharkhand,"""Rice|Maize|Pulses|Oilseeds|Vegetables|Banana|Guava|Mango|Medicinal Herbs|Flowers"""
Latehar,Jharkhand,"""Rice|Maize|Pulses|Oilseeds|Vegetables|Banana|Guava|Mango|Medicinal Herbs|Flowers"""
Lohardaga,Jharkhand,"""Rice|Maize|Pulses|Oilseeds|Vegetables|Banana|Guava|Mango|Medicinal Herbs|Flowers"""
Pakur,Jharkhand,"""Rice|Maize|Pulses|Oilseeds|Vegetables|Banana|Guava|Mango|Medicinal Herbs|Flowers"""
Palamu,Jharkhand,"""Rice|Maize|Pulses|Oilseeds|Vegetables|Banana|Guava|Mango|Medicinal Herbs|Flowers"""
Ramgarh,Jharkhand,"""Rice|Maize|Pulses|Oilseeds|Vegetables|Banana|Guava|Mango|Medicinal Herbs|Flowers"""
Ranchi,Jharkhand,"""Rice|Maize|Pulses|Oilseeds|Vegetables|Banana|Guava|Mango|Medicinal Herbs|Flowers"""
Sahibganj,Jharkhand,"""Rice|Maize|Pulses|Oilseeds|Vegetables|Banana|Guava|Mango|Medicinal Herbs|Flowers"""
Saraikela Kharsawan,Jharkhand,"""Rice|Maize|Pulses|Oilseeds|Vegetables|Banana|Guava|Mango|Medicinal Herbs|Flowers"""
Simdega,Jharkhand,"""Rice|Maize|Pulses|Oilseeds|Vegetables|Banana|Guava|Mango|Medicinal Herbs|Flowers"""
West Singhbhum,Jharkhand,"""Rice|Maize|Pulses|Oilseeds|Vegetables|Banana|Guava|Mango|Medicinal Herbs|Flowers"""
Bagalkot,Karnataka,"""Sugarcane|Paddy|Maize|Groundnut|Sunflower|Cotton|Turmeric|Pulses|Fruits|Vegetables|Medicinal Herbs|Flowers"""
Ballari,Karnataka,"""Cotton|Groundnut|Paddy|Sunflower|Maize|Pulses|Vegetables|Medicinal Herbs|Fruits|Flowers"""
Belagavi,Karnataka,"""Sugarcane|Paddy|Maize|Groundnut|Sunflower|Cotton|Turmeric|Pulses|Fruits|Vegetables|Medicinal Herbs|Flowers"""
Bengaluru Rural,Karnataka,"""Ragi|Paddy|Maize|Sunflower|Vegetables|Fruits|Flowers|Medicinal Herbs"""
Bengaluru Urban,Karnataka,"""Ragi|Vegetables|Fruits|Flowers|Medicinal Herbs|Paddy|Sunflower"""
Bidar,Karnataka,"""Sugarcane|Paddy|Turmeric|Maize|Pulses|Groundnut|Sunflower|Fruits|Vegetables|Medicinal Herbs"""
Chamarajanagar,Karnataka,"""Ragi|Paddy|Maize|Sunflower|Groundnut|Pulses|Fruits|Vegetables|Medicinal Herbs|Flowers"""
Chikkaballapur,Karnataka,"""Ragi|Maize|Vegetables|Fruits|Flowers|Medicinal Herbs|Groundnut|Sunflower"""
Chikkamagaluru,Karnataka,"""Coffee|Pepper|Cardamom|Paddy|Maize|Vegetables|Fruits|Medicinal Herbs|Flowers"""
Chitradurga,Karnataka,"""Ragi|Maize|Groundnut|Sunflower|Pulses|Vegetables|Medicinal Herbs|Fruits"""
Dakshina Kannada,Karnataka,"""Arecanut|Coconut|Paddy|Pepper|Banana|Fruits|Spices|Medicinal Herbs"""
Davanagere,Karnataka,"""Paddy|Sugarcane|Cotton|Maize|Sunflower|Groundnut|Pulses|Fruits|Medicinal Herbs"""
Dharwad,Karnataka,"""Sugarcane|Paddy|Maize|Groundnut|Cotton|Pulses|Vegetables|Fruits|Medicinal Herbs"""
Gadag,Karnataka,"""Sunflower|Paddy|Cotton|Groundnut|Maize|Pulses|Vegetables|Medicinal Herbs"""
Hassan,Karnataka,"""Paddy|Ragi|Coffee|Pepper|Vegetables|Fruits|Medicinal Herbs|Flowers"""
Haveri,Karnataka,"""Cotton|Sunflower|Groundnut|Maize|Paddy|Pulses|Vegetables|Medicinal Herbs"""
Kalaburagi,Karnataka,"""Turmeric|Cotton|Paddy|Groundnut|Maize|Pulses|Fruits|Vegetables|Medicinal Herbs"""
Kodagu,Karnataka,"""Coffee|Pepper|Cardamom|Orange|Banana|Fruits|Medicinal Herbs|Flowers"""
Kolar,Karnataka,"""Ragi|Vegetables|Fruits|Flowers|Medicinal Herbs|Banana|Citrus"""
Koppal,Karnataka,"""Paddy|Sunflower|Groundnut|Maize|Cotton|Pulses|Vegetables|Medicinal Herbs"""
Mandya,Karnataka,"""Sugarcane|Paddy|Ragi|Maize|Vegetables|Fruits|Flowers|Medicinal Herbs"""
Mysuru,Karnataka,"""Sugarcane|Paddy|Ragi|Maize|Vegetables|Fruits|Flowers|Medicinal Herbs"""
Raichur,Karnataka,"""Paddy|Cotton|Maize|Groundnut|Pulses|Fruits|Vegetables|Medicinal Herbs"""
Ramanagara,Karnataka,"""Ragi|Vegetables|Fruits|Flowers|Medicinal Herbs|Groundnut|Sunflower"""
Shivamogga,Karnataka,"""Arecanut|Paddy|Pepper|Banana|Fruits|Spices|Medicinal Herbs|Vegetables"""
Tumakuru,Karnataka,"""Ragi|Paddy|Sunflower|Groundnut|Vegetables|Fruits|Flowers|Medicinal Herbs"""
Udupi,Karnataka,"""Arecanut|Coconut|Paddy|Pepper|Banana|Fruits|Medicinal Herbs|Spices"""
Uttara Kannada,Karnataka,"""Arecanut|Coconut|Pepper|Banana|Spices|Fruits|Medicinal Herbs"""
Vijayapura,Karnataka,"""Grapes|Pomegranate|Paddy|Groundnut|Sunflower|Cotton|Vegetables|Medicinal Herbs"""
Yadgir,Karnataka,"""Paddy|Maize|Groundnut|Sunflower|Pulses|Vegetables|Fruits|Medicinal Herbs"""
Alappuzha,Kerala,"""Rice|Coconut|Banana|Vegetables|Spices|Medicinal Herbs|Flowers|Pineapple|Pepper"""
Ernakulam,Kerala,"""Rice|Coconut|Banana|Vegetables|Spices|Medicinal Herbs|Pineapple|Pepper|Flowers"""
Idukki,Kerala,"""Tea|Cardamom|Pepper|Coffee|Banana|Vegetables|Medicinal Herbs|Fruits|Flowers"""
Kannur,Kerala,"""Coconut|Arecanut|Pepper|Banana|Cashew|Medicinal Herbs|Fruits|Spices"""
Kasaragod,Kerala,"""Coconut|Arecanut|Pepper|Banana|Medicinal Herbs|Fruits|Spices"""
Kollam,Kerala,"""Rice|Coconut|Banana|Vegetables|Spices|Medicinal Herbs|Flowers|Pepper"""
Kottayam,Kerala,"""Rubber|Coconut|Banana|Pineapple|Pepper|Medicinal Herbs|Fruits|Spices"""
Kozhikode,Kerala,"""Coconut|Pepper|Banana|Vegetables|Fruits|Spices|Medicinal Herbs"""
Malappuram,Kerala,"""Coconut|Pepper|Banana|Cashew|Fruits|Medicinal Herbs|Spices"""
Palakkad,Kerala,"""Rice|Banana|Coconut|Vegetables|Spices|Medicinal Herbs|Fruits"""
Pathanamthitta,Kerala,"""Rubber|Banana|Pepper|Vegetables|Fruits|Medicinal Herbs"""
Thiruvananthapuram,Kerala,"""Coconut|Banana|Pineapple|Vegetables|Spices|Medicinal Herbs|Flowers"""
Thrissur,Kerala,"""Rice|Banana|Coconut|Vegetables|Spices|Medicinal Herbs|Fruits|Flowers"""
Wayanad,Kerala,"""Tea|Coffee|Pepper|Cardamom|Vegetables|Fruits|Medicinal Herbs|Spices"""
Bhopal,Madhya Pradesh,"""Wheat|Soybean|Paddy|Maize|Pulses|Oilseeds|Groundnut|Vegetables|Fruits|Medicinal Herbs"""
Indore,Madhya Pradesh,"""Soybean|Wheat|Paddy|Maize|Pulses|Oilseeds|Groundnut|Vegetables|Fruits|Medicinal Herbs"""
Jabalpur,Madhya Pradesh,"""Wheat|Paddy|Maize|Pulses|Oilseeds|Vegetables|Fruits|Medicinal Herbs"""
Gwalior,Madhya Pradesh,"""Wheat|Paddy|Maize|Pulses|Oilseeds|Vegetables|Fruits|Medicinal Herbs"""
Ujjain,Madhya Pradesh,"""Soybean|Wheat|Paddy|Maize|Pulses|Oilseeds|Groundnut|Vegetables|Fruits|Medicinal Herbs"""
Sagar,Madhya Pradesh,"""Wheat|Soybean|Paddy|Pulses|Maize|Vegetables|Fruits|Medicinal Herbs|Flowers"""
Rewa,Madhya Pradesh,"""Wheat|Paddy|Maize|Pulses|Oilseeds|Vegetables|Fruits|Medicinal Herbs"""
Satna,Madhya Pradesh,"""Wheat|Paddy|Maize|Pulses|Oilseeds|Vegetables|Fruits|Medicinal Herbs"""
Ratlam,Madhya Pradesh,"""Soybean|Wheat|Paddy|Maize|Pulses|Oilseeds|Groundnut|Vegetables|Fruits|Medicinal Herbs"""
Dewas,Madhya Pradesh,"""Soybean|Wheat|Paddy|Maize|Pulses|Oilseeds|Groundnut|Vegetables|Fruits|Medicinal Herbs"""
Imphal East,Manipur,"""Rice|Maize|Pulses|Vegetables|Fruits|Pineapple|Citrus|Medicinal Herbs|Flowers"""
Imphal West,Manipur,"""Rice|Maize|Pulses|Vegetables|Fruits|Pineapple|Citrus|Medicinal Herbs|Flowers"""
Churachandpur,Manipur,"""Rice|Maize|Pulses|Vegetables|Fruits|Pineapple|Citrus|Medicinal Herbs|Flowers"""
Senapati,Manipur,"""Rice|Maize|Pulses|Vegetables|Fruits|Pineapple|Citrus|Medicinal Herbs|Flowers"""
Thoubal,Manipur,"""Rice|Maize|Pulses|Vegetables|Fruits|Pineapple|Citrus|Medicinal Herbs|Flowers"""
Ukhrul,Manipur,"""Rice|Maize|Pulses|Vegetables|Fruits|Pineapple|Citrus|Medicinal Herbs|Flowers"""
Bishnupur,Manipur,"""Rice|Maize|Pulses|Vegetables|Fruits|Pineapple|Citrus|Medicinal Herbs|Flowers"""
East Khasi Hills,Meghalaya,"""Rice|Maize|Pulses|Vegetables|Fruits|Pineapple|Citrus|Medicinal Herbs|Flowers"""
West Khasi Hills,Meghalaya,"""Rice|Maize|Pulses|Vegetables|Fruits|Pineapple|Citrus|Medicinal Herbs|Flowers"""
East Garo Hills,Meghalaya,"""Rice|Maize|Pulses|Vegetables|Fruits|Pineapple|Citrus|Medicinal Herbs|Flowers"""
West Garo Hills,Meghalaya,"""Rice|Maize|Pulses|Vegetables|Fruits|Pineapple|Citrus|Medicinal Herbs|Flowers"""
South Garo Hills,Meghalaya,"""Rice|Maize|Pulses|Vegetables|Fruits|Pineapple|Citrus|Medicinal Herbs|Flowers"""
Aizawl,Mizoram,"""Rice|Maize|Sesame|Mustard|Potato|Ginger|Turmeric|Chilli|Orange|Banana|Pineapple|Papaya|Cabbage|Beans|Cucumber"""
Champhai,Mizoram,"""Rice|Maize|Mustard|Potato|Tomato|Cabbage|Orange|Banana|Papaya|Passion Fruit|Pineapple|Ginger|Turmeric"""
Kolasib,Mizoram,"""Rice|Maize|Mustard|Potato|Tomato|Cabbage|Chilli|Banana|Pineapple|Papaya|Beans|Brinjal|Cucumber"""
Lunglei,Mizoram,"""Rice|Maize|Mustard|Potato|Cabbage|Tomato|Ginger|Turmeric|Banana|Orange|Papaya|Passion Fruit|Pineapple"""
Mamit,Mizoram,"""Rice|Maize|Mustard|Potato|Chilli|Cabbage|Tomato|Banana|Orange|Pineapple|Papaya|Beans|Ginger|Turmeric"""
Serchhip,Mizoram,"""Rice|Maize|Mustard|Potato|Tomato|Cabbage|Chilli|Banana|Orange|Pineapple|Papaya|Beans|Ginger|Turmeric"""
Saiha,Mizoram,"""Rice|Maize|Mustard|Potato|Tomato|Cabbage|Banana|Orange|Pineapple|Papaya|Passion Fruit|Ginger|Turmeric"""
Lawngtlai,Mizoram,"""Rice|Maize|Mustard|Potato|Cabbage|Tomato|Banana|Orange|Pineapple|Papaya|Passion Fruit|Ginger|Turmeric"""
Dimapur,Nagaland,"""Rice|Maize|Wheat|Potato|Mustard|Soybean|Ginger|Turmeric|Banana|Pineapple|Papaya|Cabbage|Tomato|Beans|Brinjal"""
Kohima,Nagaland,"""Rice|Maize|Wheat|Potato|Mustard|Soybean|Ginger|Turmeric|Banana|Orange|Pineapple|Papaya|Tomato|Cabbage|Beans|Brinjal"""
Mokokchung,Nagaland,"""Rice|Maize|Wheat|Potato|Mustard|Soybean|Ginger|Turmeric|Banana|Pineapple|Papaya|Tomato|Cabbage|Beans|Brinjal"""
Mon,Nagaland,"""Rice|Maize|Wheat|Potato|Mustard|Soybean|Banana|Orange|Pineapple|Papaya|Tomato|Cabbage|Beans|Brinjal"""
Phek,Nagaland,"""Rice|Maize|Wheat|Potato|Mustard|Soybean|Banana|Orange|Pineapple|Papaya|Tomato|Cabbage|Beans|Brinjal"""
Tuensang,Nagaland,"""Rice|Maize|Wheat|Potato|Mustard|Soybean|Banana|Orange|Pineapple|Papaya|Tomato|Cabbage|Beans|Brinjal"""
Wokha,Nagaland,"""Rice|Maize|Wheat|Potato|Mustard|Soybean|Banana|Orange|Pineapple|Papaya|Tomato|Cabbage|Beans|Brinjal"""
Zunheboto,Nagaland,"""Rice|Maize|Wheat|Potato|Mustard|Soybean|Banana|Orange|Pineapple|Papaya|Tomato|Cabbage|Beans|Brinjal"""
Kiphire,Nagaland,"""Rice|Maize|Wheat|Potato|Mustard|Soybean|Banana|Orange|Pineapple|Papaya|Tomato|Cabbage|Beans|Brinjal"""
Longleng,Nagaland,"""Rice|Maize|Wheat|Potato|Mustard|Soybean|Banana|Orange|Pineapple|Papaya|Tomato|Cabbage|Beans|Brinjal"""
Peren,Nagaland,"""Rice|Maize|Wheat|Potato|Mustard|Soybean|Banana|Orange|Pineapple|Papaya|Tomato|Cabbage|Beans|Brinjal"""
city,state,crops
Angul,Odisha,"""Rice|Wheat|Maize|Pulses|Groundnut|Mustard|Sesame|Sugarcane|Cotton|Potato|Onion|Tomato|Brinjal|Cabbage|Cauliflower|Banana|Mango|Guava|Papaya|Jackfruit|Litchi|Chilli|Spinach|Beans"""
Balangir,Odisha,"""Rice|Wheat|Maize|Pulses|Groundnut|Mustard|Cotton|Vegetables|Fruits|Turmeric|Ginger"""
Balasore,Odisha,"""Rice|Wheat|Pulses|Groundnut|Mustard|Sesame|Vegetables|Fruits|Betelvine|Coconut|Banana|Papaya"""
Bargarh,Odisha,"""Rice|Wheat|Pulses|Groundnut|Sugarcane|Vegetables|Fruits|Turmeric"""
Bhadrak,Odisha,"""Rice|Wheat|Pulses|Mustard|Sesame|Vegetables|Fruits|Banana|Papaya|Coconut"""
Boudh,Odisha,"""Rice|Millets|Wheat|Pulses|Oilseeds|Vegetables|Fruits|Turmeric|Ginger"""
Cuttack,Odisha,"""Rice|Wheat|Pulses|Mustard|Sesame|Vegetables|Fruits|Betelvine|Banana|Papaya|Coconut"""
Deogarh,Odisha,"""Rice|Wheat|Millets|Pulses|Oilseeds|Vegetables|Fruits"""
Dhenkanal,Odisha,"""Rice|Wheat|Pulses|Oilseeds|Vegetables|Fruits|Banana|Papaya"""
Gajapati,Odisha,"""Rice|Wheat|Millets|Pulses|Vegetables|Fruits|Pineapple|Ginger|Turmeric"""
Ganjam,Odisha,"""Rice|Wheat|Pulses|Oilseeds|Vegetables|Fruits|Cashew|Banana|Papaya|Pineapple|Coconut|Cotton"""
Jagatsinghpur,Odisha,"""Rice|Wheat|Pulses|Vegetables|Fruits|Banana|Papaya|Coconut"""
Jajpur,Odisha,"""Rice|Wheat|Pulses|Vegetables|Fruits|Banana|Papaya"""
Jharsuguda,Odisha,"""Rice|Wheat|Pulses|Vegetables|Fruits|Banana"""
Kalahandi,Odisha,"""Rice|Millets|Wheat|Pulses|Cotton|Vegetables|Fruits|Turmeric|Ginger"""
Kandhamal,Odisha,"""Millets|Wheat|Pulses|Vegetables|Fruits|Ginger|Turmeric|Large Cardamom"""
Kendrapara,Odisha,"""Rice|Wheat|Pulses|Vegetables|Fruits|Banana|Papaya|Coconut"""
Keonjhar,Odisha,"""Rice|Wheat|Millets|Pulses|Vegetables|Fruits|Ginger|Turmeric"""
Khordha,Odisha,"""Rice|Wheat|Pulses|Vegetables|Fruits|Banana|Papaya"""
Bhubaneswar,Odisha,"""Rice|Wheat|Pulses|Vegetables|Fruits|Banana|Papaya"""
Koraput,Odisha,"""Rice|Millets|Wheat|Pulses|Vegetables|Fruits|Coffee|Spices|Large Cardamom|Ginger|Turmeric"""
Malkangiri,Odisha,"""Rice|Millets|Pulses|Vegetables|Fruits|Banana|Papaya"""
Mayurbhanj,Odisha,"""Rice|Wheat|Pulses|Vegetables|Fruits|Jackfruit|Litchi|Mango|Guava"""
Nabarangpur,Odisha,"""Rice|Millets|Wheat|Pulses|Vegetables|Fruits|Banana"""
Nayagarh,Odisha,"""Rice|Wheat|Millets|Pulses|Vegetables|Fruits"""
Nuapada,Odisha,"""Rice|Wheat|Millets|Pulses|Vegetables|Fruits"""
Puri,Odisha,"""Rice|Wheat|Pulses|Vegetables|Fruits|Banana|Coconut"""
Rayagada,Odisha,"""Rice|Millets|Pulses|Vegetables|Fruits|Ginger|Turmeric|Large Cardamom"""
Sambalpur,Odisha,"""Rice|Wheat|Pulses|Sugarcane|Vegetables|Fruits"""
Subarnapur,Odisha,"""Rice|Wheat|Pulses|Vegetables|Fruits"""
Sundargarh,Odisha,"""Rice|Wheat|Millets|Pulses|Vegetables|Fruits|Ginger|Turmeric"""
East Sikkim,Sikkim,"""Rice|Maize|Millets|Buckwheat|Pulses|Potato|Ginger|Large Cardamom|Orange|Banana|Cabbage|Cauliflower|Tomato|Beans|Spinach|Radish|Turnip|Carrot"""
West Sikkim,Sikkim,"""Rice|Maize|Millets|Buckwheat|Pulses|Potato|Ginger|Large Cardamom|Orange|Banana|Cabbage|Cauliflower|Tomato|Beans|Spinach|Radish|Turnip|Carrot"""
North Sikkim,Sikkim,"""Barley|Buckwheat|Millets|Potato|Turnip|Carrot|Spinach|Cabbage|Large Cardamom|Ginger"""
South Sikkim,Sikkim,"""Rice|Maize|Millets|Buckwheat|Pulses|Potato|Ginger|Large Cardamom|Orange|Banana|Cabbage|Cauliflower|Tomato|Beans|Spinach|Radish|Turnip|Carrot"""
Pakyong,Sikkim,"""Rice|Maize|Millets|Buckwheat|Pulses|Potato|Ginger|Large Cardamom|Orange|Banana|Cabbage|Cauliflower|Tomato|Beans|Spinach|Radish|Turnip|Carrot"""
Soreng,Sikkim,"""Rice|Maize|Millets|Buckwheat|Pulses|Potato|Ginger|Large Cardamom|Orange|Banana|Cabbage|Cauliflower|Tomato|Beans|Spinach|Radish|Turnip|Carrot"""
Ariyalur,Tamil Nadu,"""Rice|Maize|Millets|Pulses|Groundnut|Cotton|Sugarcane|Banana|Coconut|Tapioca|Chilli|Brinjal|Tomato|Onion|Cabbage|Cauliflower|Turmeric|Ginger|Mango|Guava"""
Chengalpattu,Tamil Nadu,"""Rice|Millets|Pulses|Groundnut|Vegetables|Banana|Coconut"""
Chennai,Tamil Nadu,"""Vegetables|Fruits|Ornamental Flowers"""
Coimbatore,Tamil Nadu,"""Millets|Pulses|Groundnut|Cotton|Sugarcane|Banana|Coconut|Tapioca|Turmeric|Vegetables|Fruits"""
Cuddalore,Tamil Nadu,"""Rice|Millets|Pulses|Groundnut|Sugarcane|Cotton|Banana|Coconut|Vegetables|Fruits"""
Dharmapuri,Tamil Nadu,"""Millets|Pulses|Groundnut|Tapioca|Mango|Banana|Turmeric|Vegetables|Fruits"""
Dindigul,Tamil Nadu,"""Millets|Pulses|Groundnut|Cotton|Banana|Turmeric|Mango|Vegetables|Fruits"""
Erode,Tamil Nadu,"""Millets|Pulses|Groundnut|Cotton|Sugarcane|Turmeric|Banana|Vegetables|Fruits"""
Kallakurichi,Tamil Nadu,"""Rice|Millets|Pulses|Groundnut|Sugarcane|Banana|Vegetables|Fruits"""
Kanchipuram,Tamil Nadu,"""Rice|Millets|Pulses|Groundnut|Banana|Coconut|Vegetables"""
Kanyakumari,Tamil Nadu,"""Banana|Coconut|Pineapple|Tapioca|Pepper|Arecanut|Vegetables|Fruits"""
Karur,Tamil Nadu,"""Rice|Millets|Pulses|Groundnut|Cotton|Banana|Coconut|Vegetables"""
Krishnagiri,Tamil Nadu,"""Millets|Pulses|Groundnut|Mango|Banana|Vegetables|Fruits"""
Madurai,Tamil Nadu,"""Rice|Millets|Pulses|Groundnut|Cotton|Banana|Vegetables|Fruits"""
Mayiladuthurai,Tamil Nadu,"""Rice|Millets|Pulses|Groundnut|Banana|Coconut|Vegetables"""
Nagapattinam,Tamil Nadu,"""Rice|Millets|Pulses|Groundnut|Banana|Coconut|Vegetables"""
Namakkal,Tamil Nadu,"""Millets|Pulses|Groundnut|Cotton|Banana|Vegetables|Fruits"""
Nilgiris,Tamil Nadu,"""Tea|Potato|Carrot|Cabbage|Cauliflower|Garlic|Ginger|Ornamental Flowers"""
Perambalur,Tamil Nadu,"""Rice|Millets|Pulses|Groundnut|Cotton|Banana|Vegetables"""
Pudukkottai,Tamil Nadu,"""Rice|Millets|Pulses|Groundnut|Cotton|Vegetables|Fruits"""
Ramanathapuram,Tamil Nadu,"""Millets|Pulses|Groundnut|Cotton|Banana|Vegetables|Chillies"""
Ranipet,Tamil Nadu,"""Rice|Millets|Pulses|Groundnut|Vegetables"""
Salem,Tamil Nadu,"""Millets|Pulses|Groundnut|Cotton|Banana|Mango|Turmeric|Vegetables|Fruits"""
Sivagangai,Tamil Nadu,"""Rice|Millets|Pulses|Groundnut|Cotton|Banana|Vegetables"""
Tenkasi,Tamil Nadu,"""Rice|Millets|Pulses|Groundnut|Banana|Vegetables"""
Thanjavur,Tamil Nadu,"""Rice|Pulses|Banana|Coconut|Vegetables"""
Theni,Tamil Nadu,"""Rice|Millets|Pulses|Banana|Mango|Vegetables"""
Thiruvallur,Tamil Nadu,"""Rice|Millets|Pulses|Groundnut|Vegetables|Banana|Coconut"""
Thiruvarur,Tamil Nadu,"""Rice|Millets|Pulses|Banana|Coconut|Vegetables"""
Thoothukudi,Tamil Nadu,"""Millets|Pulses|Groundnut|Cotton|Banana|Vegetables|Chillies"""
Tiruchirappalli,Tamil Nadu,"""Rice|Millets|Pulses|Groundnut|Banana|Vegetables"""
Tirunelveli,Tamil Nadu,"""Rice|Millets|Pulses|Groundnut|Banana|Vegetables"""
Tirupathur,Tamil Nadu,"""Rice|Millets|Pulses|Groundnut|Vegetables"""
Tiruppur,Tamil Nadu,"""Millets|Pulses|Groundnut|Cotton|Banana|Vegetables"""
Tiruvannamalai,Tamil Nadu,"""Millets|Pulses|Groundnut|Vegetables|Fruits"""
Vellore,Tamil Nadu,"""Rice|Millets|Pulses|Groundnut|Vegetables"""
Viluppuram,Tamil Nadu,"""Rice|Millets|Pulses|Groundnut|Vegetables"""
Virudhunagar,Tamil Nadu,"""Millets|Pulses|Groundnut|Cotton|Banana|Vegetables"""
city,state,crops
Adilabad,Telangana,"""Rice|Maize|Cotton|Turmeric|Soybean|Red Gram|Groundnut|Chillies|Vegetables|Fruits"""
Bhadradri Kothagudem,Telangana,"""Rice|Maize|Cotton|Red Gram|Chillies|Vegetables|Fruits"""
Hyderabad,Telangana,"""Vegetables|Fruits|Ornamental Flowers"""
Jagtial,Telangana,"""Rice|Maize|Cotton|Red Gram|Vegetables|Fruits"""
Jangaon,Telangana,"""Rice|Maize|Cotton|Red Gram|Vegetables"""
Jayashankar Bhupalpally,Telangana,"""Rice|Maize|Cotton|Vegetables|Fruits"""
Jogulamba Gadwal,Telangana,"""Rice|Maize|Cotton|Vegetables|Fruits"""
Kamareddy,Telangana,"""Rice|Maize|Cotton|Vegetables|Fruits"""
Karimnagar,Telangana,"""Rice|Maize|Cotton|Vegetables|Fruits"""
Khammam,Telangana,"""Rice|Maize|Cotton|Red Gram|Chillies|Vegetables|Fruits"""
Komaram Bheem Asifabad,Telangana,"""Rice|Maize|Cotton|Soybean|Vegetables|Fruits"""
Mahabubabad,Telangana,"""Rice|Maize|Cotton|Vegetables"""
Mahabubnagar,Telangana,"""Rice|Maize|Cotton|Vegetables|Fruits"""
Mancherial,Telangana,"""Rice|Maize|Cotton|Vegetables"""
Medak,Telangana,"""Rice|Maize|Cotton|Vegetables"""
Medchal–Malkajgiri,Telangana,"""Vegetables|Fruits"""
Mulugu,Telangana,"""Rice|Maize|Cotton|Vegetables"""
Nagarkurnool,Telangana,"""Rice|Maize|Cotton|Vegetables"""
Nalgonda,Telangana,"""Rice|Maize|Cotton|Vegetables|Fruits|Chillies"""
Narayanpet,Telangana,"""Rice|Maize|Cotton|Vegetables"""
Nirmal,Telangana,"""Rice|Maize|Cotton|Vegetables"""
Nizamabad,Telangana,"""Rice|Maize|Cotton|Turmeric|Soybean|Vegetables"""
Peddapalli,Telangana,"""Rice|Maize|Cotton|Vegetables"""
Rajanna Sircilla,Telangana,"""Rice|Maize|Cotton|Vegetables"""
Rangareddy,Telangana,"""Rice|Maize|Cotton|Vegetables|Fruits"""
Sangareddy,Telangana,"""Rice|Maize|Cotton|Vegetables"""
Siddipet,Telangana,"""Rice|Maize|Cotton|Vegetables"""
Suryapet,Telangana,"""Rice|Maize|Cotton|Vegetables"""
Vikarabad,Telangana,"""Rice|Maize|Cotton|Vegetables"""
Wanaparthy,Telangana,"""Rice|Maize|Cotton|Vegetables"""
Warangal Rural,Telangana,"""Rice|Maize|Cotton|Vegetables"""
Warangal Urban,Telangana,"""Rice|Maize|Cotton|Vegetables"""
Yadadri Bhuvanagiri,Telangana,"""Rice|Maize|Cotton|Vegetables"""
Dhalai,Tripura,"""Rice|Maize|Pulses|Oilseeds|Jute|Pineapple|Orange|Banana|Jackfruit|Betel leaf|Spices|Vegetables|Ginger|Turmeric"""
Gomati,Tripura,"""Rice|Maize|Pulses|Oilseeds|Pineapple|Orange|Banana|Jackfruit|Betel leaf|Spices|Vegetables|Ginger|Turmeric"""
Khowai,Tripura,"""Rice|Maize|Pulses|Oilseeds|Jute|Pineapple|Orange|Banana|Jackfruit|Betel leaf|Spices|Vegetables|Ginger|Turmeric"""
North Tripura,Tripura,"""Rice|Maize|Pulses|Oilseeds|Jute|Pineapple|Orange|Banana|Jackfruit|Betel leaf|Spices|Vegetables|Ginger|Turmeric"""
Sepahijala,Tripura,"""Rice|Maize|Pulses|Oilseeds|Jute|Pineapple|Orange|Banana|Jackfruit|Betel leaf|Spices|Vegetables|Ginger|Turmeric"""
South Tripura,Tripura,"""Rice|Maize|Pulses|Oilseeds|Jute|Pineapple|Orange|Banana|Jackfruit|Betel leaf|Spices|Vegetables|Ginger|Turmeric"""
Unakoti,Tripura,"""Rice|Maize|Pulses|Oilseeds|Jute|Pineapple|Orange|Banana|Jackfruit|Betel leaf|Spices|Vegetables|Ginger|Turmeric"""
West Tripura,Tripura,"""Rice|Maize|Pulses|Oilseeds|Jute|Pineapple|Orange|Banana|Jackfruit|Betel leaf|Spices|Vegetables|Ginger|Turmeric"""
Almora,Uttarakhand,"""Rice|Wheat|Maize|Pulses|Barley|Millets|Potato|Cabbage|Cauliflower|Carrot|Peas|Apple|Plum|Apricot|Walnut|Chillies|Onion"""
Bageshwar,Uttarakhand,"""Rice|Wheat|Maize|Pulses|Barley|Millets|Potato|Cabbage|Cauliflower|Apple|Plum|Apricot|Walnut|Peas"""
Chamoli,Uttarakhand,"""Rice|Wheat|Maize|Barley|Millets|Potato|Cabbage|Cauliflower|Peas|Apple|Plum|Apricot|Walnut|Carrot"""
Champawat,Uttarakhand,"""Rice|Wheat|Maize|Pulses|Barley|Millets|Potato|Cabbage|Cauliflower|Apple|Plum|Apricot|Walnut"""
Dehradun,Uttarakhand,"""Rice|Wheat|Maize|Sugarcane|Pulses|Potato|Vegetables|Litchi|Mango|Guava|Peach|Citrus fruits|Spices"""
Haridwar,Uttarakhand,"""Rice|Wheat|Maize|Sugarcane|Pulses|Potato|Vegetables|Fruits"""
Nainital,Uttarakhand,"""Rice|Wheat|Maize|Barley|Millets|Potato|Cabbage|Cauliflower|Peas|Apple|Plum|Apricot|Walnut"""
Pauri Garhwal,Uttarakhand,"""Rice|Wheat|Maize|Barley|Millets|Pulses|Potato|Cabbage|Cauliflower|Apple|Plum|Apricot|Walnut"""
Pithoragarh,Uttarakhand,"""Rice|Wheat|Maize|Barley|Millets|Potato|Cabbage|Cauliflower|Peas|Apple|Plum|Apricot|Walnut|Chillies"""
Rudraprayag,Uttarakhand,"""Rice|Wheat|Maize|Barley|Millets|Potato|Cabbage|Cauliflower|Peas|Apple|Plum|Apricot|Walnut"""
Tehri Garhwal,Uttarakhand,"""Rice|Wheat|Maize|Barley|Millets|Pulses|Potato|Cabbage|Cauliflower|Apple|Plum|Apricot|Walnut"""
Udham Singh Nagar,Uttarakhand,"""Rice|Wheat|Maize|Sugarcane|Pulses|Potato|Vegetables|Fruits"""
Uttarkashi,Uttarakhand,"""Rice|Wheat|Maize|Barley|Millets|Potato|Cabbage|Cauliflower|Peas|Apple|Plum|Apricot|Walnut"""
Alipurduar,West Bengal,"""Rice|Wheat|Maize|Pulses|Oilseeds|Jute|Sugarcane|Tea|Ginger|Turmeric|Potato|Tomato|Cabbage|Cauliflower|Brinjal|Beans|Banana|Pineapple|Orange|Jackfruit|Guava|Mango|Arecanut"""
Bankura,West Bengal,"""Rice|Wheat|Maize|Millets|Pulses|Oilseeds|Potato|Tomato|Chilli|Cabbage|Cauliflower|Beans|Banana|Mango|Guava|Jackfruit"""
Birbhum,West Bengal,"""Rice|Wheat|Maize|Pulses|Oilseeds|Jute|Potato|Onion|Chilli|Cabbage|Cauliflower|Brinjal|Banana|Mango|Guava"""
Cooch Behar,West Bengal,"""Rice|Wheat|Maize|Pulses|Oilseeds|Jute|Sugarcane|Potato|Tomato|Cabbage|Cauliflower|Brinjal|Beans|Banana|Mango|Guava|Jackfruit|Arecanut"""
Dakshin Dinajpur,West Bengal,"""Rice|Wheat|Maize|Pulses|Oilseeds|Potato|Onion|Tomato|Cabbage|Cauliflower|Brinjal|Banana|Mango|Guava|Jackfruit"""
Darjeeling,West Bengal,"""Rice|Maize|Millets|Potato|Barley|Wheat|Tea|Cabbage|Cauliflower|Carrot|Peas|Apple|Orange|Plum|Guava"""
Hooghly,West Bengal,"""Rice|Wheat|Maize|Pulses|Oilseeds|Jute|Sugarcane|Potato|Onion|Tomato|Cabbage|Cauliflower|Brinjal|Banana|Mango|Guava|Litchi"""
Howrah,West Bengal,"""Rice|Wheat|Maize|Pulses|Oilseeds|Jute|Potato|Onion|Tomato|Cabbage|Cauliflower|Brinjal|Banana|Guava"""
Jalpaiguri,West Bengal,"""Rice|Wheat|Maize|Pulses|Oilseeds|Jute|Sugarcane|Tea|Potato|Tomato|Cabbage|Cauliflower|Brinjal|Banana|Mango|Guava|Jackfruit"""
Jhargram,West Bengal,"""Rice|Wheat|Maize|Millets|Pulses|Oilseeds|Potato|Tomato|Chilli|Banana|Mango|Guava|Jackfruit"""
Kalimpong,West Bengal,"""Maize|Millets|Potato|Barley|Wheat|Cabbage|Cauliflower|Carrot|Peas|Apple|Orange|Plum|Guava|Tea"""
Malda,West Bengal,"""Rice|Wheat|Maize|Pulses|Oilseeds|Jute|Potato|Onion|Banana|Mango|Guava|Litchi|Jackfruit|Brinjal|Tomato"""
Murshidabad,West Bengal,"""Rice|Wheat|Maize|Pulses|Oilseeds|Jute|Sugarcane|Potato|Onion|Banana|Mango|Guava|Litchi|Brinjal|Tomato"""
Nadia,West Bengal,"""Rice|Wheat|Maize|Pulses|Oilseeds|Jute|Sugarcane|Potato|Onion|Banana|Mango|Guava|Brinjal|Tomato|Chilli"""
North 24 Parganas,West Bengal,"""Rice|Wheat|Maize|Pulses|Oilseeds|Jute|Potato|Onion|Banana|Mango|Guava|Litchi|Brinjal|Tomato|Cabbage|Cauliflower"""
Paschim Bardhaman,West Bengal,"""Rice|Wheat|Maize|Pulses|Oilseeds|Potato|Onion|Tomato|Brinjal|Banana|Mango|Guava|Jackfruit"""
Paschim Medinipur,West Bengal,"""Rice|Wheat|Maize|Millets|Pulses|Oilseeds|Potato|Onion|Tomato|Brinjal|Banana|Mango|Guava|Jackfruit"""
Purba Bardhaman,West Bengal,"""Rice|Wheat|Maize|Pulses|Oilseeds|Jute|Potato|Onion|Tomato|Brinjal|Banana|Mango|Guava|Litchi"""
Purba Medinipur,West Bengal,"""Rice|Wheat|Maize|Pulses|Oilseeds|Potato|Onion|Tomato|Brinjal|Banana|Mango|Guava|Jackfruit"""
Purulia,West Bengal,"""Rice|Wheat|Maize|Millets|Pulses|Oilseeds|Potato|Onion|Tomato|Brinjal|Banana|Mango|Guava|Jackfruit"""
South 24 Parganas,West Bengal,"""Rice|Wheat|Maize|Pulses|Oilseeds|Jute|Potato|Onion|Banana|Mango|Guava|Litchi|Brinjal|Tomato|Cabbage|Cauliflower"""
Uttar Dinajpur,West Bengal,"""Rice|Wheat|Maize|Pulses|Oilseeds|Potato|Onion|Banana|Mango|Guava|Jackfruit|Brinjal|Tomato"""
Anantnag,Jammu and Kashmir,"""Rice|Maize|Wheat|Barley|Pulses|Oilseeds|Apple|Pear|Cherry|Walnut|Almond|Peach|Apricot|Vegetables|Potato|Onion|Cabbage|Cauliflower|Beans|Peas|Carrot|Turnip|Spinach|Chillies|Saffron"""
Bandipora,Jammu and Kashmir,"""Rice|Maize|Wheat|Barley|Pulses|Oilseeds|Apple|Walnut|Almond|Peach|Apricot|Vegetables|Potato|Onion|Cabbage|Cauliflower|Peas|Carrot|Turnip|Spinach"""
Baramulla,Jammu and Kashmir,"""Rice|Maize|Wheat|Barley|Pulses|Oilseeds|Apple|Pear|Cherry|Walnut|Almond|Peach|Apricot|Vegetables|Potato|Onion|Cabbage|Cauliflower|Beans|Peas|Carrot|Turnip|Spinach|Chillies"""
Budgam,Jammu and Kashmir,"""Rice|Maize|Wheat|Barley|Pulses|Oilseeds|Apple|Walnut|Almond|Vegetables|Potato|Onion|Cabbage|Cauliflower|Beans|Peas|Carrot|Turnip|Spinach|Saffron"""
Doda,Jammu and Kashmir,"""Wheat|Maize|Barley|Pulses|Oilseeds|Apple|Walnut|Almond|Vegetables|Potato|Onion|Beans|Peas|Carrot|Turnip|Spinach"""
Ganderbal,Jammu and Kashmir,"""Rice|Maize|Wheat|Barley|Pulses|Oilseeds|Apple|Walnut|Almond|Vegetables|Potato|Onion|Cabbage|Cauliflower|Peas|Carrot|Turnip|Spinach|Saffron"""
Jammu,Jammu and Kashmir,"""Wheat|Rice|Maize|Barley|Pulses|Oilseeds|Mustard|Sugarcane|Vegetables|Potato|Onion|Tomato|Cabbage|Cauliflower|Chillies|Peas|Carrot|Guava|Citrus fruits|Mango"""
Kathua,Jammu and Kashmir,"""Wheat|Rice|Maize|Barley|Pulses|Oilseeds|Mustard|Sugarcane|Vegetables|Potato|Onion|Tomato|Cabbage|Cauliflower|Chillies|Peas|Carrot|Guava|Citrus fruits"""
Kishtwar,Jammu and Kashmir,"""Wheat|Maize|Barley|Pulses|Oilseeds|Apple|Walnut|Almond|Vegetables|Potato|Onion|Beans|Peas|Carrot|Turnip|Spinach|Saffron"""
Kupwara,Jammu and Kashmir,"""Rice|Maize|Wheat|Barley|Pulses|Oilseeds|Apple|Walnut|Almond|Peach|Apricot|Vegetables|Potato|Onion|Cabbage|Cauliflower|Peas|Carrot|Turnip|Spinach"""
Poonch,Jammu and Kashmir,"""Wheat|Maize|Barley|Pulses|Oilseeds|Apple|Walnut|Almond|Vegetables|Potato|Onion|Beans|Peas|Carrot|Turnip|Spinach"""
Pulwama,Jammu and Kashmir,"""Rice|Maize|Wheat|Barley|Pulses|Oilseeds|Apple|Walnut|Almond|Vegetables|Potato|Onion|Cabbage|Cauliflower|Peas|Carrot|Turnip|Spinach|Saffron"""
Rajouri,Jammu and Kashmir,"""Wheat|Rice|Maize|Barley|Pulses|Oilseeds|Mustard|Sugarcane|Vegetables|Potato|Onion|Tomato|Cabbage|Cauliflower|Chillies|Peas|Carrot|Guava|Citrus fruits"""
Ramban,Jammu and Kashmir,"""Wheat|Maize|Barley|Pulses|Oilseeds|Apple|Walnut|Almond|Vegetables|Potato|Onion|Beans|Peas|Carrot|Turnip|Spinach"""
Reasi,Jammu and Kashmir,"""Wheat|Rice|Maize|Barley|Pulses|Oilseeds|Mustard|Sugarcane|Vegetables|Potato|Onion|Tomato|Cabbage|Cauliflower|Chillies|Peas|Carrot|Guava|Citrus fruits"""
Samba,Jammu and Kashmir,"""Wheat|Rice|Maize|Barley|Pulses|Oilseeds|Mustard|Sugarcane|Vegetables|Potato|Onion|Tomato|Cabbage|Cauliflower|Chillies|Peas|Carrot|Guava|Citrus fruits"""
Shopian,Jammu and Kashmir,"""Rice|Maize|Wheat|Barley|Pulses|Oilseeds|Apple|Pear|Cherry|Walnut|Almond|Peach|Apricot|Vegetables|Potato|Onion|Cabbage|Cauliflower|Beans|Peas|Carrot|Turnip|Spinach"""
Srinagar,Jammu and Kashmir,"""Rice|Maize|Wheat|Barley|Pulses|Oilseeds|Apple|Pear|Cherry|Walnut|Almond|Peach|Apricot|Vegetables|Potato|Onion|Cabbage|Cauliflower|Beans|Peas|Carrot|Turnip|Spinach"""
Udhampur,Jammu and Kashmir,"""Wheat|Rice|Maize|Barley|Pulses|Oilseeds|Mustard|Sugarcane|Vegetables|Potato|Onion|Tomato|Cabbage|Cauliflower|Chillies|Peas|Carrot|Guava|Citrus fruits"""
Delhi,Delhi,"""Wheat|Rice|Maize|Barley|Millets|Pulses|Oilseeds|Mustard|Sugarcane|Potato|Onion|Tomato|Cabbage|Cauliflower|Spinach|Coriander|Carrot|Radish|Turnip|Brinjal|Okra|Chillies|Peas|Beans|Pumpkin|Bottle Gourd|Bitter Gourd|Cucumber|Watermelon|Muskmelon|Papaya|Guava|Mango"""
Andaman,Andaman and Nicobar Islands,"""Rice|Maize|Pulses|Oilseeds|Coconut|Arecanut|Banana|Pineapple|Papaya|Mango|Guava|Citrus fruits|Betel leaf|Spices|Black Pepper|Clove|Nutmeg|Cinnamon|Vegetables|Brinjal|Okra|Chillies|Tomato|Cabbage|Cauliflower|Radish|Carrot|Turnip|Beans|Pumpkin|Bottle Gourd|Bitter Gourd|Cucumber|Watermelon|Muskmelon"""

